{"time": [1e-10, 11817277.635802045, 23753469.62571951, 35615332.64567224, 47413389.84639171, 59330789.335944034, 71224494.97848839, 82986373.9129895, 94827465.36435266, 106821320.81086904, 118636374.2239907, 130238811.16873448, 142297585.09581524], "w_horiz_slice_": {"w_sampling_coords_0": [-6933.893025047546, -6500.524710982075, -6067.156396916604, -5633.788082851132, -5200.4197687856595, -4767.051454720189, -4333.683140654717, -3900.314826589245, -3466.9465125237734, -3033.5781984583027, -2600.2098843928306, -2166.841570327359, -1733.4732562618874, -1300.1049421964158, -866.7366281309442, -433.36831406547253, -1.3642420526593924e-12, 433.36831406547026, 866.7366281309423, 1300.1049421964135, 1733.4732562618847, 2166.8415703273567, 2600.209884392829, 3033.5781984583, 3466.946512523771, 3900.3148265892432, 4333.683140654714, 4767.051454720186, 5200.419768785658, 5633.78808285113, 6067.1563969166, 6500.524710982072, 6933.893025047544], "w_sampling_cells_0": [8118, 8119, 8120, 8121, 8122, 8123, 8124, 8125, 8126, 8127, 8128, 8129, 8130, 8131, 8132, 8133, 8134, 8135, 8136, 8137, 8138, 8139, 8140, 8141, 8142, 8143, 8144, 8145, 8146, 8147, 8148, 8149, 8150], "w_0": [0.0, 0.0, 0.0, 0.0, 0.0, 0.0, 0.0, 0.0, 0.0, 0.0, 0.0, 0.0, 0.0, 2.6685589449214957, 28.25216547904308, 56.429045039823734, 57.106855915432085, 56.428415822392886, 28.251165662525587, 2.668262066721572, 0.0, 0.0, 0.0, 0.0, 0.0, 0.0, 0.0, 0.0, 0.0, 0.0, 0.0, 0.0, 0.0], "w_sampling_coords_1": [-6933.893025047546, -6500.524710982075, -6067.156396916604, -5633.788082851132, -5200.4197687856595, -4767.051454720189, -4333.683140654717, -3900.314826589245, -3466.9465125237734, -3033.5781984583027, -2600.2098843928306, -2166.841570327359, -1733.4732562618874, -1300.1049421964158, -866.7366281309442, -433.36831406547253, -1.3642420526593924e-12, 433.36831406547026, 866.7366281309423, 1300.1049421964135, 1733.4732562618847, 2166.8415703273567, 2600.209884392829, 3033.5781984583, 3466.946512523771, 3900.3148265892432, 4333.683140654714, 4767.051454720186, 5200.419768785658, 5633.78808285113, 6067.1563969166, 6500.524710982072, 6933.893025047544], "w_sampling_cells_1": [8118, 8119, 8120, 8121, 8122, 8123, 8124, 8125, 8126, 8127, 8128, 8129, 8130, 8131, 8132, 8133, 8134, 8135, 8136, 8137, 8138, 8139, 8140, 8141, 8142, 8143, 8144, 8145, 8146, 8147, 8148, 8149, 8150], "w_1": [0.0, 0.0, 0.0, 0.0, 0.0, 0.0, 0.0, 0.0, 0.0, 17.839125775178484, 41.370666282837725, 54.18870521164748, 62.85455291766424, 68.84881690418183, 72.81555807441018, 75.08633033307905, 75.82656376743688, 75.08696233099148, 72.81682077758195, 68.85063966192631, 62.85695110189634, 54.191622334344224, 41.37406471940386, 17.84330462175626, 0.0, 0.0, 0.0, 0.0, 0.0, 0.0, 0.0, 0.0, 0.0], "w_sampling_coords_2": [-6933.893025047546, -6500.524710982075, -6067.156396916604, -5633.788082851132, -5200.4197687856595, -4767.051454720189, -4333.683140654717, -3900.314826589245, -3466.9465125237734, -3033.5781984583027, -2600.2098843928306, -2166.841570327359, -1733.4732562618874, -1300.1049421964158, -866.7366281309442, -433.36831406547253, -1.3642420526593924e-12, 433.36831406547026, 866.7366281309423, 1300.1049421964135, 1733.4732562618847, 2166.8415703273567, 2600.209884392829, 3033.5781984583, 3466.946512523771, 3900.3148265892432, 4333.683140654714, 4767.051454720186, 5200.419768785658, 5633.78808285113, 6067.1563969166, 6500.524710982072, 6933.893025047544], "w_sampling_cells_2": [8118, 8119, 8120, 8121, 8122, 8123, 8124, 8125, 8126, 8127, 8128, 8129, 8130, 8131, 8132, 8133, 8134, 8135, 8136, 8137, 8138, 8139, 8140, 8141, 8142, 8143, 8144, 8145, 8146, 8147, 8148, 8149, 8150], "w_2": [0.0, 0.0, 0.0, 0.0, 0.0, 0.0, 0.0, 1.0357410176725697, 26.258746290641295, 41.625675437461744, 52.33677718825104, 60.12091113974776, 65.82957685594542, 69.93321403214551, 72.70758168778917, 74.31497663504103, 74.84184297531618, 74.31536595175965, 72.70840009528582, 69.93457639145913, 65.83156726953106, 60.12366371669286, 52.340452816492366, 41.630391310095504, 26.264462149327574, 1.0383369227974577, 0.0, 0.0, 0.0, 0.0, 0.0, 0.0, 0.0], "w_sampling_coords_3": [-6933.893025047546, -6500.524710982075, -6067.156396916604, -5633.788082851132, -5200.4197687856595, -4767.051454720189, -4333.683140654717, -3900.314826589245, -3466.9465125237734, -3033.5781984583027, -2600.2098843928306, -2166.841570327359, -1733.4732562618874, -1300.1049421964158, -866.7366281309442, -433.36831406547253, -1.3642420526593924e-12, 433.36831406547026, 866.7366281309423, 1300.1049421964135, 1733.4732562618847, 2166.8415703273567, 2600.209884392829, 3033.5781984583, 3466.946512523771, 3900.3148265892432, 4333.683140654714, 4767.051454720186, 5200.419768785658, 5633.78808285113, 6067.1563969166, 6500.524710982072, 6933.893025047544], "w_sampling_cells_3": [8118, 8119, 8120, 8121, 8122, 8123, 8124, 8125, 8126, 8127, 8128, 8129, 8130, 8131, 8132, 8133, 8134, 8135, 8136, 8137, 8138, 8139, 8140, 8141, 8142, 8143, 8144, 8145, 8146, 8147, 8148, 8149, 8150], "w_3": [0.0, 0.0, 0.0, 0.0, 0.0, 0.0, 0.5232757639685706, 23.55939127338659, 38.51325891961982, 49.103096450968266, 56.93960097077859, 62.8436473859876, 67.27453108169867, 70.50797313978681, 72.7155128635486, 74.00231232208235, 74.42574285919251, 74.00411834618745, 72.71923666373851, 70.51393690946722, 67.28303115751034, 62.85492322996297, 56.95376150368098, 49.11986762317458, 38.53176451376196, 23.577474515479032, 0.526893552505721, 0.0, 0.0, 0.0, 0.0, 0.0, 0.0]}, "pn_horiz_slice_": {"pn_sampling_coords_0": [-6933.893025047546, -6500.524710982075, -6067.156396916604, -5633.788082851132, -5200.4197687856595, -4767.051454720189, -4333.683140654717, -3900.314826589245, -3466.9465125237734, -3033.5781984583027, -2600.2098843928306, -2166.841570327359, -1733.4732562618874, -1300.1049421964158, -866.7366281309442, -433.36831406547253, -1.3642420526593924e-12, 433.36831406547026, 866.7366281309423, 1300.1049421964135, 1733.4732562618847, 2166.8415703273567, 2600.209884392829, 3033.5781984583, 3466.946512523771, 3900.3148265892432, 4333.683140654714, 4767.051454720186, 5200.419768785658, 5633.78808285113, 6067.1563969166, 6500.524710982072, 6933.893025047544], "pn_sampling_cells_0": [8118, 8119, 8120, 8121, 8122, 8123, 8124, 8125, 8126, 8127, 8128, 8129, 8130, 8131, 8132, 8133, 8134, 8135, 8136, 8137, 8138, 8139, 8140, 8141, 8142, 8143, 8144, 8145, 8146, 8147, 8148, 8149, 8150], "pn_0": [0.0, 0.0, 0.0, 0.0, 0.0, 0.0, 0.0, 0.0, 0.0, 0.0, 0.0, 0.0, 0.0, 0.000366261474609375, 0.000419596923828125, 0.00045530712890625, 0.000460802978515625, 0.00045530615234375, 0.00041959423828125, 0.000366257568359375, 0.0, 0.0, 0.0, 0.0, 0.0, 0.0, 0.0, 0.0, 0.0, 0.0, 0.0, 0.0, 0.0], "pn_sampling_coords_1": [-6933.893025047546, -6500.524710982075, -6067.156396916604, -5633.788082851132, -5200.4197687856595, -4767.051454720189, -4333.683140654717, -3900.314826589245, -3466.9465125237734, -3033.5781984583027, -2600.2098843928306, -2166.841570327359, -1733.4732562618874, -1300.1049421964158, -866.7366281309442, -433.36831406547253, -1.3642420526593924e-12, 433.36831406547026, 866.7366281309423, 1300.1049421964135, 1733.4732562618847, 2166.8415703273567, 2600.209884392829, 3033.5781984583, 3466.946512523771, 3900.3148265892432, 4333.683140654714, 4767.051454720186, 5200.419768785658, 5633.78808285113, 6067.1563969166, 6500.524710982072, 6933.893025047544], "pn_sampling_cells_1": [8118, 8119, 8120, 8121, 8122, 8123, 8124, 8125, 8126, 8127, 8128, 8129, 8130, 8131, 8132, 8133, 8134, 8135, 8136, 8137, 8138, 8139, 8140, 8141, 8142, 8143, 8144, 8145, 8146, 8147, 8148, 8149, 8150], "pn_1": [0.0, 0.0, 0.0, 0.0, 0.0, 0.0, 0.0, 0.0, 0.0, 3.7615966796875e-05, 5.5001953125e-05, 5.8881591796875e-05, 6.0335693359375e-05, 6.0884033203125e-05, 6.1053466796875e-05, 6.1082763671875e-05, 6.1081787109375e-05, 6.1083251953125e-05, 6.105517578125e-05, 6.0885986328125e-05, 6.03388671875e-05, 5.88857421875e-05, 5.5008056640625e-05, 3.7628173828125e-05, 0.0, 0.0, 0.0, 0.0, 0.0, 0.0, 0.0, 0.0, 0.0],