{"time": [1e-10, 220348.2160260377, 443391.4719519386, 664706.6294804212, 884672.8093682223, 1106837.7538544915, 1326089.3608705788, 1549217.0980922407, 1768475.9274784818, 1993339.5080391194, 2214320.4319246667, 2433645.321986082], "w_horiz_slice_": {"w_sampling_coords_0": [-648.0685386030902, -607.5642549403971, -567.0599712777039, -526.5556876150108, -486.0514039523177, -445.54712028962444, -405.0428366269314, -364.5385529642382, -324.0342693015451, -283.52998563885194, -243.0257019761588, -202.52141831346566, -162.01713465077253, -121.51285098807938, -81.00856732538625, -40.504283662693126, 5.684341886080802e-14, 40.50428366269318, 81.00856732538631, 121.51285098807944, 162.01713465077256, 202.52141831346574, 243.02570197615887, 283.529985638852, 324.0342693015452, 364.5385529642383, 405.0428366269314, 445.54712028962456, 486.05140395231774, 526.5556876150108, 567.059971277704, 607.5642549403972, 648.0685386030902], "w_sampling_cells_0": [10692, 10693, 10694, 10695, 10696, 10697, 10698, 10699, 10700, 10701, 10702, 10703, 10704, 10705, 10706, 10707, 10708, 10709, 10710, 10711, 10712, 10713, 10714, 10715, 10716, 10717, 10718, 10719, 10720, 10721, 10722, 10723, 10724], "w_0": [0.0, 0.0, 0.0, 0.0, 0.0, 0.0, 0.0, 0.0, 0.0, 0.0, 0.0, 0.0, 0.0, 0.0, 0.0, 0.0, 0.0, 0.0, 0.0, 0.0, 0.0, 0.0, 0.0, 0.0, 0.0, 0.0, 0.0, 0.0, 0.0, 0.0, 0.0, 0.0, 0.0], "w_sampling_coords_1": [-648.0685386030902, -607.5642549403971, -567.0599712777039, -526.5556876150108, -486.0514039523177, -445.54712028962444, -405.0428366269314, -364.5385529642382, -324.0342693015451, -283.52998563885194, -243.0257019761588, -202.52141831346566, -162.01713465077253, -121.51285098807938, -81.00856732538625, -40.504283662693126, 5.684341886080802e-14, 40.50428366269318, 81.00856732538631, 121.51285098807944, 162.01713465077256, 202.52141831346574, 243.02570197615887, 283.529985638852, 324.0342693015452, 364.5385529642383, 405.0428366269314, 445.54712028962456, 486.05140395231774, 526.5556876150108, 567.059971277704, 607.5642549403972, 648.0685386030902], "w_sampling_cells_1": [10692, 10693, 10694, 10695, 10696, 10697, 10698, 10699, 10700, 10701, 10702, 10703, 10704, 10705, 10706, 10707, 10708, 10709, 10710, 10711, 10712, 10713, 10714, 10715, 10716, 10717, 10718, 10719, 10720, 10721, 10722, 10723, 10724], "w_1": [0.0, 0.0, 11.068676341611415, 32.38913690154044, 43.568065382538194, 51.69062173421534, 58.096064327084584, 63.32474162383141, 67.65808290925364, 71.26324970174684, 74.24772972414989, 76.68413268463749, 78.62291987880398, 80.09950824593818, 81.13840395287032, 81.75568192590039, 81.9604653506697, 81.75571840815381, 81.13848119665053, 80.09962070904625, 78.62305643165429, 76.68428946965666, 74.2479042527356, 71.26343001389439, 67.65825554594636, 63.32490241339091, 58.09619432134649, 51.69072388110946, 43.568135226123935, 32.389166926248755, 11.068673461013399, 0.0, 0.0], "w_sampling_coords_2": [-658.1946095187634, -607.564254940397, -556.9339003620306, -506.30354578366416, -455.6731912052977, -405.04283662693126, -354.41248204856487, -303.7821274701985, -253.15177289183202, -202.5214183134656, -151.8910637350992, -101.26070915673279, -50.63035457836634, 5.684341886080802e-14, 50.63035457836645, 101.2607091567329, 151.89106373509935, 202.5214183134658, 253.1517728918322, 303.7821274701986, 354.412482048565, 405.0428366269314, 455.6731912052978, 506.3035457836643, 556.9339003620307, 607.5642549403972, 658.1946095187636], "w_sampling_cells_2": [6993, 6994, 6995, 6996, 6997, 6998, 6999, 7000, 7001, 7002, 7003, 7004, 7005, 7006, 7007, 7008, 7009, 7010, 7011, 7012, 7013, 7014, 7015, 7016, 7017, 7018, 7019], "w_2": [0.0, 0.0, 14.131892138274486, 32.63848747887839, 42.736935789472184, 50.03365129437287, 55.67271192450868, 60.129923778116236, 63.65662850317724, 66.40231103348164, 68.46147989117573, 69.8950715188782, 70.74124813131412, 71.02105870013008, 70.74124442076557, 69.89507043544914, 68.46148519236422, 66.40232058143236, 63.6566343428504, 60.12990816544707, 55.672665413077645, 50.03359635502131, 42.73687623028146, 32.638432227794524, 14.131872481418435, 0.0, 0.0], "w_sampling_coords_3": [-658.1946095187634, -607.564254940397, -556.9339003620306, -506.30354578366416, -455.6731912052977, -405.04283662693126, -354.41248204856487, -303.7821274701985, -253.15177289183202, -202.5214183134656, -151.8910637350992, -101.26070915673279, -50.63035457836634, 5.684341886080802e-14, 50.63035457836645, 101.2607091567329, 151.89106373509935, 202.5214183134658, 253.1517728918322, 303.7821274701986, 354.412482048565, 405.0428366269314, 455.6731912052978, 506.3035457836643, 556.9339003620307, 607.5642549403972, 658.1946095187636], "w_sampling_cells_3": [6993, 6994, 6995, 6996, 6997, 6998, 6999, 7000, 7001, 7002, 7003, 7004, 7005, 7006, 7007, 7008, 7009, 7010, 7011, 7012, 7013, 7014, 7015, 7016, 7017, 7018, 7019], "w_3": [0.0, 0.0, 14.221026365316028, 32.8448827316573, 43.00630719819806, 50.34791395886005, 56.02123027442115, 60.50519910591708, 64.05285125628764, 66.81468260250925, 68.8858709006645, 70.32778094818735, 71.17884184592499, 71.46026800868587, 71.1788456238425, 70.32778904805932, 68.88588728549988, 66.81469302051624, 64.05284069982991, 60.50517595353405, 56.021186193741876, 50.34786656703426, 43.00626235175304, 32.8448522730687, 14.221035026961797, 0.0, 0.0], "w_sampling_coords_4": [-658.1946095187634, -607.564254940397, -556.9339003620306, -506.30354578366416, -455.6731912052977, -405.04283662693126, -354.41248204856487, -303.7821274701985, -253.15177289183202, -202.5214183134656, -151.8910637350992, -101.26070915673279, -50.63035457836634, 5.684341886080802e-14, 50.63035457836645, 101.2607091567329, 151.89106373509935, 202.5214183134658, 253.1517728918322, 303.7821274701986, 354.412482048565, 405.0428366269314, 455.6731912052978, 506.3035457836643, 556.9339003620307, 607.5642549403972, 658.1946095187636], "w_sampling_cells_4": [6993, 6994, 6995, 6996, 6997, 6998, 6999, 7000, 7001, 7002, 7003, 7004, 7005, 7006, 7007, 7008, 7009, 7010, 7011, 7012, 7013, 7014, 7015, 7016, 7017, 7018, 7019], "w_4": [0.0, 0.0, 14.340167315314016, 33.116877178531304, 43.367260982450944, 50.77617205906164, 56.50348622170674, 61.03149619927719, 64.61490278620923, 67.40514983428274, 69.49799492180452, 70.95516299400171, 71.81529982993263, 72.09973464763308, 71.81528996228342, 70.95514591917656, 69.49796914106558, 67.40511508486583, 64.61485732820495, 61.03144884334635, 56.503425415665184, 50.776106766946974, 43.36720010656636, 33.11682599913155, 14.340148123141578, 0.0, 0.0]}, "pn_horiz_slice_": {"pn_sampling_coords_0": [-648.0685386030902, -607.5642549403971, -567.0599712777039, -526.5556876150108, -486.0514039523177, -445.54712028962444, -405.0428366269314, -364.5385529642382, -324.0342693015451, -283.52998563885194, -243.0257019761588, -202.52141831346566, -162.01713465077253, -121.51285098807938, -81.00856732538625, -40.504283662693126, 5.684341886080802e-14, 40.50428366269318, 81.00856732538631, 121.51285098807944, 162.01713465077256, 202.52141831346574, 243.02570197615887, 283.529985638852, 324.0342693015452, 364.5385529642383, 405.0428366269314, 445.54712028962456, 486.05140395231774, 526.5556876150108, 567.059971277704, 607.5642549403972, 648.0685386030902], "pn_sampling_cells_0": [10692, 10693, 10694, 10695, 10696, 10697, 10698, 10699, 10700, 10701, 10702, 10703, 10704, 10705, 10706, 10707, 10708, 10709, 10710, 10711, 10712, 10713, 10714, 10715, 10716, 10717, 10718, 10719, 10720, 10721, 10722, 10723, 10724], "pn_0": [0.0, 0.0, 0.0, 0.0, 0.0, 0.0, 0.0, 0.0, 0.0, 0.0, 0.0, 0.0, 0.0, 0.0, 0.0, 0.0, 0.0, 0.0, 0.0, 0.0, 0.0, 0.0, 0.0, 0.0, 0.0, 0.0, 0.0, 0.0, 0.0, 0.0, 0.0, 0.0, 0.0],